Metric,Score
Precision,0.3333333333333333
Recall,0.07142857142857142
Accuracy,0.75
